PatientID,GPT_0,GOT_0,ZTT_0,TTT_0,T-BIL_0,D-BIL_0,I-BIL_0,ALB_0,CHE_0,T-CHO_0,TP_0,Type_0,Activity_0,GPT_1,GOT_1,ZTT_1,TTT_1,T-BIL_1,D-BIL_1,I-BIL_1,ALB_1,CHE_1,T-CHO_1,TP_1,Type_1,Activity_1,TP2
1,VH,H,N,H,N,H,N,H,VL,H,H,B,A2,UH,VH,N,H,N,H,N,H,VL,N,H,B,A2,H
2,H,N,H,N,H,H,H,N,N,N,N,C,A1,H,N,H,N,H,H,H,N,N,L,N,C,A1,N
3,N,N,N,N,N,H,N,N,VL,N,N,B,A1,N,N,N,N,N,H,N,N,VL,N,N,B,A1,N
5,H,N,H,N,N,N,N,N,N,N,N,C,A1,H,H,H,N,H,N,H,N,N,N,N,C,A1,N
16,VH,VH,H,VH,N,N,N,N,N,N,N,C,A1,VH,VH,H,H,N,N,N,N,N,N,N,C,A1,N
19,N,N,H,N,N,N,N,N,N,N,N,C,A2,N,N,H,N,N,N,N,N,N,N,N,C,A2,N
33,H,H,N,VH,N,N,N,N,N,N,N,B,A1,VH,H,N,VH,N,N,N,N,N,N,N,B,A1,N
35,H,H,H,N,N,N,N,N,N,N,N,C,A1,H,N,H,H,N,N,N,N,N,N,N,C,A1,N
36,N,N,N,N,N,N,N,L,N,L,L,C,A1,N,N,N,N,N,N,N,N,N,N,N,C,A1,N
37,N,N,N,N,N,H,N,N,N,N,N,C,A2,N,N,N,N,N,N,N,N,N,N,N,C,A2,N
49,N,N,H,VH,N,N,N,N,N,N,N,C,A1,H,H,H,H,N,N,N,N,N,N,N,C,A1,N
50,N,N,H,N,N,N,N,N,N,N,N,C,A2,N,N,H,N,N,N,N,N,N,N,N,C,A2,N
51,N,N,H,VH,N,N,N,N,N,N,N,B,A2,N,N,H,VH,N,N,N,N,N,N,N,B,A2,N
54,N,N,N,N,N,H,N,N,VL,N,N,B,A1,N,N,N,N,H,H,N,N,VL,N,N,B,A1,N
57,N,N,N,N,N,N,N,N,N,N,N,B,A2,N,N,H,N,H,H,H,N,N,N,N,B,A2,N
58,N,N,N,H,N,N,N,N,N,N,N,B,A2,N,N,N,N,N,N,N,N,N,N,N,B,A2,N
59,N,N,N,N,N,N,N,N,N,N,N,C,A1,N,N,H,N,N,N,N,N,N,N,N,C,A1,N
60,H,H,N,H,N,H,N,N,N,N,N,B,A1,H,H,H,H,H,H,N,N,N,N,N,B,A1,N
61,N,N,H,H,N,N,N,N,N,N,N,B,A3,N,N,H,N,N,N,N,N,N,N,N,B,A3,N
66,VH,H,N,H,N,N,N,N,VL,N,N,B,A1,H,N,N,N,N,N,N,N,VL,N,N,B,A1,N
69,H,H,N,N,N,N,N,N,VL,N,L,B,A1,H,H,N,N,N,N,N,N,VL,N,N,B,A1,N
70,VH,H,H,VH,N,N,N,N,N,N,N,B,A2,VH,VH,H,VH,N,N,N,N,N,N,N,B,A2,N
71,N,N,N,N,N,N,N,N,N,N,N,C,A1,N,N,N,N,N,N,N,N,N,N,N,C,A1,N
72,VH,H,N,N,H,H,H,N,N,L,N,C,A1,VH,H,N,N,N,N,N,N,N,N,N,C,A1,N
74,VH,VH,N,N,N,H,N,L,VL,N,VL,B,A2,H,H,N,N,VH,H,VH,N,VL,N,L,B,A2,L
76,H,H,H,N,N,N,N,N,N,N,N,C,A1,VH,H,H,N,N,N,N,N,N,N,N,C,A1,N
78,N,N,N,N,N,N,N,N,N,H,N,C,A1,N,N,N,N,N,N,N,N,N,VH,N,C,A1,N
79,N,N,H,N,N,N,N,N,N,N,N,B,A2,N,N,H,N,N,N,N,N,N,N,N,B,A2,N
81,N,N,N,N,N,N,N,N,N,H,N,C,A1,N,N,N,N,N,N,N,N,N,H,N,C,A1,N
83,N,N,N,N,N,H,N,N,VL,N,N,B,A2,N,N,N,N,N,H,N,N,VL,N,N,B,A2,N
84,N,N,H,N,N,N,N,N,N,N,N,C,A1,N,N,H,N,N,N,N,N,N,N,N,C,A1,N
86,N,N,H,N,N,N,N,N,N,N,N,C,A1,N,N,H,N,N,N,N,N,N,H,N,C,A1,N
87,VH,H,H,N,H,H,H,N,N,H,H,C,A1,VH,H,H,N,N,N,H,N,N,H,H,C,A1,H
90,N,N,N,N,N,H,N,N,VL,N,N,B,A3,N,N,N,N,N,N,N,H,VL,N,H,B,A3,H
94,N,N,N,N,N,N,N,N,VL,N,N,B,A3,N,N,N,N,N,N,N,N,N,N,N,B,A3,N
95,H,N,H,UH,N,N,N,N,N,N,N,B,A2,N,N,N,H,N,N,N,N,N,N,N,B,A2,N
97,N,N,N,N,N,N,N,N,VL,VH,N,B,A2,N,N,N,N,N,N,H,N,VL,VH,N,B,A2,N
98,N,N,N,N,N,N,N,N,N,N,L,B,A3,N,N,N,N,N,N,N,N,N,N,N,B,A3,N
104,N,N,VH,UH,N,N,N,N,H,N,N,C,A1,N,N,H,VH,N,N,N,N,H,H,N,C,A1,N
106,VH,H,H,H,N,N,N,N,VL,H,N,B,A1,VH,H,H,H,N,N,N,N,VL,N,N,B,A1,N
111,H,N,VH,N,N,N,N,N,N,N,N,C,A2,VH,H,VH,N,N,N,N,N,N,N,N,C,A2,N
113,H,N,H,N,N,N,N,N,N,N,N,C,A1,N,N,H,N,N,N,N,N,N,N,H,C,A1,H
114,N,N,VH,N,N,N,N,N,N,H,N,B,A2,N,N,H,N,N,N,N,N,N,H,N,B,A2,N
116,N,N,VH,H,N,N,N,N,N,N,N,C,A2,H,H,VH,H,N,N,N,N,N,N,N,C,A2,N
117,N,N,N,N,N,N,N,N,VL,N,N,B,A1,N,N,N,N,N,N,N,N,VL,H,N,B,A1,N
122,H,N,H,H,N,N,N,N,N,N,N,C,A2,H,N,H,H,N,N,N,N,N,N,N,C,A2,N
123,N,N,H,H,N,H,N,N,N,N,N,C,A2,N,N,H,H,N,N,N,N,N,N,N,C,A2,N
124,N,H,H,H,N,N,N,N,N,N,N,C,A2,N,N,H,H,N,N,N,N,N,N,N,C,A2,N
125,H,H,H,H,N,N,N,N,N,N,N,C,A2,H,H,H,H,N,N,N,N,N,N,N,C,A2,N
126,H,H,H,H,N,N,N,N,VL,N,N,B,A2,H,H,H,H,N,N,N,L,VL,N,N,B,A2,N
128,N,N,N,N,N,H,N,N,VL,N,N,B,A2,N,N,N,N,N,H,N,N,VL,N,N,B,A2,N
132,N,N,N,N,N,N,N,N,VL,N,N,B,A2,N,N,N,N,N,H,N,N,VL,H,N,B,A2,N
137,N,N,N,H,N,N,N,N,VL,N,N,B,A3,VH,VH,N,N,N,N,N,N,VL,N,N,B,A3,N
138,N,N,H,N,N,N,N,N,N,N,N,C,A1,N,N,H,N,N,N,N,N,N,N,N,C,A1,N
142,N,N,H,H,N,N,N,N,N,N,N,C,A1,N,N,H,N,N,N,N,N,N,N,N,C,A1,N
144,VH,VH,N,N,N,N,N,N,N,VH,N,C,A2,VH,H,N,N,N,N,N,N,N,N,N,C,A2,N
146,N,H,H,H,N,H,N,N,VL,N,N,B,A3,H,H,H,H,H,H,H,N,VL,N,N,B,A3,N
147,VH,VH,N,N,N,N,N,N,VL,N,N,B,A2,H,H,N,N,N,N,N,N,VL,N,N,B,A2,N
149,VH,VH,H,VH,N,N,N,L,L,N,N,C,A1,VH,VH,VH,VH,N,N,N,L,L,N,H,C,A1,H
158,N,N,H,N,N,N,N,N,N,N,N,C,A1,N,N,H,N,N,N,N,N,N,N,N,C,A1,N
159,H,VH,H,N,VH,UH,H,N,VL,L,N,B,A2,VH,VH,H,H,VH,UH,H,L,VL,L,L,B,A2,L
167,VH,H,N,H,N,N,N,N,VL,N,N,B,A1,VH,H,N,H,N,N,N,N,VL,H,N,B,A1,N
169,N,N,H,N,N,N,N,N,N,N,N,C,A2,N,N,H,N,N,N,N,N,N,N,N,C,A2,N
171,N,N,VH,H,N,N,N,N,N,N,N,C,A1,N,N,VH,N,N,N,N,N,N,N,N,C,A1,N
176,VH,VH,H,UH,N,H,N,N,N,N,N,C,A3,VH,VH,H,UH,N,H,N,N,N,N,H,C,A3,H
179,H,H,UH,H,N,N,N,N,N,N,H,C,A1,VH,H,UH,H,N,N,N,N,N,N,N,C,A1,N
181,VH,H,VH,H,N,N,N,N,N,H,H,C,A2,H,H,VH,H,N,N,N,N,H,H,H,C,A2,H
182,N,H,H,N,N,N,N,N,N,N,N,C,A1,VH,VH,H,N,N,N,H,N,N,N,N,C,A1,N
183,N,N,N,N,N,N,N,N,N,N,N,C,A1,N,N,H,N,N,N,N,N,N,N,N,C,A1,N
184,N,N,H,N,N,N,N,N,N,N,N,C,A1,UH,UH,H,N,N,N,N,N,N,N,N,C,A1,N
185,H,N,H,H,N,N,N,N,N,N,N,C,A1,N,N,H,H,H,H,H,N,N,N,N,C,A1,N
187,N,N,N,N,N,N,N,N,VL,N,N,C,A1,UH,VH,N,N,N,N,N,N,VL,N,N,C,A1,N
189,VH,VH,VH,VH,N,H,N,N,VL,N,H,B,A3,H,VH,H,VH,N,H,N,N,VL,N,H,B,A3,H
191,H,N,H,N,N,N,N,N,N,L,N,C,A2,H,N,H,H,N,N,N,N,N,N,N,C,A2,N
193,H,H,H,VH,N,N,N,N,N,N,N,C,A2,VH,H,H,VH,N,N,N,N,N,N,N,C,A2,N
195,UH,UH,H,N,N,N,N,N,N,N,N,C,A2,VH,H,VH,N,N,H,N,N,N,N,N,C,A2,N
197,H,H,N,N,N,N,N,N,VL,H,N,B,A1,H,H,N,N,N,N,N,N,VL,H,N,B,A1,N
199,H,H,VH,UH,N,N,N,N,N,N,H,C,A2,H,H,VH,UH,N,N,N,N,N,N,H,C,A2,H
203,N,N,H,N,N,N,N,L,N,N,L,C,A1,N,N,H,N,N,N,N,L,N,N,L,C,A1,L
204,VH,H,H,N,N,N,N,N,N,N,N,C,A1,H,N,H,N,N,N,N,N,N,H,N,C,A1,N
206,VH,H,N,N,N,H,N,N,VL,N,N,C,A1,VH,VH,N,N,N,H,N,N,VL,N,N,C,A1,N
208,H,H,H,H,N,N,N,N,N,N,N,C,A1,H,H,H,H,N,N,N,N,N,N,N,C,A1,N
210,H,N,H,VH,N,N,N,N,H,N,N,C,A1,H,H,H,VH,N,N,N,N,N,H,N,C,A1,N
212,H,H,H,UH,N,H,N,L,N,N,N,C,A2,VH,VH,H,VH,N,H,N,L,N,N,N,C,A2,N
215,H,H,UH,VH,N,H,N,L,VL,L,N,C,A2,H,VH,UH,VH,H,H,N,L,VL,N,N,C,A2,N
219,N,N,H,H,N,N,N,N,N,N,N,C,A2,N,N,H,H,N,N,N,N,N,N,N,C,A2,N
220,N,N,H,H,N,N,N,N,N,N,N,C,A2,N,N,VH,N,N,N,N,N,N,N,N,C,A2,N
221,VH,VH,UH,UH,N,N,N,L,N,N,N,C,A2,VH,VH,VH,UH,N,N,N,N,N,N,H,C,A2,H
224,H,H,N,N,N,H,N,N,VL,N,N,B,A1,H,H,N,N,N,H,N,N,VL,N,N,B,A1,N
225,N,N,H,N,N,N,N,N,N,N,N,C,A3,N,N,VH,N,N,N,N,N,N,N,N,C,A3,N
226,N,N,N,N,N,N,N,N,N,N,N,C,A1,N,N,N,N,N,N,N,N,N,N,L,C,A1,L
227,H,H,H,H,N,N,N,N,N,N,N,C,A2,VH,H,H,H,N,N,N,N,N,N,N,C,A2,N
234,H,H,N,N,N,H,N,N,N,N,N,C,A2,VH,H,N,N,N,H,N,N,N,N,N,C,A2,N
236,H,H,H,N,N,N,N,N,VL,N,N,C,A1,N,N,H,N,N,N,N,N,N,N,N,C,A1,N
239,H,H,VH,VH,N,N,N,N,N,N,N,C,A1,N,H,VH,VH,N,N,N,N,N,N,N,C,A1,N
243,VH,VH,N,N,N,N,N,N,N,N,N,C,A1,H,H,N,N,N,N,N,N,N,L,N,C,A1,N
244,H,H,H,H,N,N,N,N,N,H,H,C,A2,H,H,H,H,N,N,N,N,N,N,H,C,A2,H
247,VH,VH,N,N,N,H,N,N,N,N,N,C,A2,H,H,N,N,N,N,N,N,N,N,N,C,A2,N
248,N,N,N,N,N,N,N,N,N,N,N,C,A2,N,N,N,N,N,N,N,N,N,N,N,C,A2,N
260,N,N,H,N,H,N,N,L,L,L,VH,C,A3,N,N,H,N,N,N,N,L,L,N,N,C,A3,N
267,VH,VH,N,H,N,N,N,N,VL,N,N,B,A2,H,H,H,H,N,N,N,N,VL,H,N,B,A2,N
275,H,H,N,N,N,N,N,N,N,N,N,C,A2,H,H,N,N,N,N,N,N,N,N,N,C,A2,N
276,N,N,H,H,N,N,N,N,N,N,N,C,A1,UH,VH,H,H,N,N,N,N,N,N,N,C,A1,N
278,N,N,N,H,N,N,N,N,N,N,N,B,A3,N,N,N,H,N,N,N,N,N,N,N,B,A3,N
285,H,H,H,H,N,N,N,L,N,N,N,C,A1,N,H,VH,H,N,N,N,L,N,N,N,C,A1,N
287,N,N,N,N,N,N,N,N,N,N,N,C,A1,N,N,N,N,N,N,N,N,N,N,N,C,A1,N
289,UH,UH,H,VH,N,N,N,N,N,N,H,C,A1,VH,VH,H,H,N,N,N,N,N,N,H,C,A1,H
290,N,N,H,H,N,N,N,N,N,N,N,C,A1,N,N,H,N,N,N,N,N,N,N,N,C,A1,N
291,N,N,N,N,N,N,N,N,N,N,N,C,A3,N,N,N,N,N,N,N,N,N,N,H,C,A3,H
294,VH,VH,H,H,N,H,N,N,VL,N,N,C,A2,H,H,H,H,N,H,N,N,VL,N,H,C,A2,H
296,N,N,N,N,N,H,N,N,VL,N,N,B,A1,H,N,N,N,N,H,N,N,VL,H,N,B,A1,N
298,H,N,N,N,N,N,N,N,VL,N,N,B,A1,VH,H,N,N,N,H,N,N,VL,H,N,B,A1,N
299,H,H,N,N,N,H,N,N,N,N,N,B,A3,H,H,N,N,N,H,N,N,N,N,N,B,A3,N
305,N,N,N,N,H,H,N,N,VL,N,L,B,A1,N,N,N,N,H,VH,N,N,VL,N,N,B,A1,N
306,H,N,H,N,N,N,N,N,N,N,N,B,A3,VH,H,H,H,N,N,N,N,N,N,N,B,A3,N
308,N,N,N,N,N,N,N,N,N,N,N,B,A2,UH,H,N,N,N,N,N,N,N,N,N,B,A2,N
309,H,N,N,N,N,N,N,N,N,N,N,B,A2,UH,H,H,N,N,N,N,N,N,N,N,B,A2,N
310,H,N,N,N,N,H,N,H,VL,N,N,B,A2,N,N,N,N,N,H,N,H,VL,N,H,B,A2,H
313,VH,H,H,N,N,H,N,N,N,N,N,B,A2,H,H,N,N,N,N,N,N,N,N,N,B,A2,N
317,N,N,N,N,N,H,N,N,VL,N,N,B,A1,H,N,N,N,N,H,N,N,VL,N,N,B,A1,N
318,H,H,N,N,N,N,N,N,VL,N,N,B,A2,N,N,N,N,N,H,N,N,VL,N,N,B,A2,N
319,N,N,H,N,N,N,N,N,N,N,N,B,A2,N,N,H,N,N,N,N,N,N,N,N,B,A2,N
325,N,N,N,N,N,N,N,N,N,N,N,C,A1,N,N,N,N,H,N,H,N,N,N,N,C,A1,N
326,N,N,H,N,N,N,N,N,N,N,N,B,A2,N,N,H,N,N,N,N,N,N,N,N,B,A2,N
328,UH,UH,H,H,N,H,N,N,VL,N,N,B,A2,UH,UH,H,H,N,H,N,N,VL,N,H,B,A2,H
330,N,N,H,N,N,N,N,N,N,N,N,C,A1,H,N,H,N,N,N,N,N,N,N,L,C,A1,L
331,N,N,N,N,N,H,N,N,N,N,N,B,A1,N,N,N,N,N,H,N,N,N,N,N,B,A1,N
334,H,H,H,N,N,N,N,N,N,N,N,B,A2,N,N,H,N,N,N,N,N,N,N,L,B,A2,L
340,H,H,N,N,N,N,N,N,VL,N,N,B,A2,VH,H,N,N,N,N,N,N,VL,N,N,B,A2,N
341,N,N,H,N,N,N,N,N,N,H,N,B,A2,H,N,N,N,N,N,N,N,N,N,N,B,A2,N
345,H,N,N,N,H,UH,H,N,VL,N,N,B,A1,H,N,N,N,H,VH,H,H,VL,N,H,B,A1,H
347,N,N,N,N,N,N,N,N,N,N,L,C,A1,N,N,N,N,N,N,N,N,N,N,L,C,A1,L
348,N,N,H,H,N,N,N,N,N,N,N,C,A1,N,N,H,H,N,N,N,N,N,H,H,C,A1,H
351,H,N,N,N,N,N,N,H,N,N,N,C,A2,N,N,N,N,N,N,N,N,N,N,N,C,A2,N
352,UH,UH,VH,UH,N,H,N,L,N,N,N,B,A2,H,N,VH,UH,N,N,N,N,N,N,N,B,A2,N
357,N,N,N,H,H,VH,N,H,VL,VH,H,B,A1,N,N,N,N,N,H,N,H,VL,VH,H,B,A1,H
358,H,VH,H,VH,H,VH,N,N,VL,N,N,B,A2,H,VH,H,H,H,UH,H,N,VL,N,N,B,A2,N
360,H,H,N,N,N,N,N,N,N,N,N,C,A1,H,H,N,N,N,N,N,N,N,N,N,C,A1,N
365,H,N,N,N,N,H,N,N,VL,N,N,B,A2,H,N,N,N,N,H,N,N,VL,N,N,B,A2,N
367,VH,H,N,N,N,H,N,H,VL,N,H,B,A1,UH,VH,N,N,N,H,N,H,VL,N,N,B,A1,N
369,N,N,N,N,N,N,N,N,VL,N,N,B,A1,N,N,N,N,N,N,N,N,VL,N,N,B,A1,N
370,N,N,N,N,N,N,N,N,VL,N,N,B,A2,H,N,N,N,N,N,N,N,VL,N,N,B,A2,N
377,H,H,N,N,N,N,N,N,VL,N,N,B,A2,H,H,N,N,N,N,N,N,VL,N,N,B,A2,N
379,H,H,N,N,N,H,N,N,N,N,N,B,A1,VH,H,N,N,N,N,N,N,N,N,N,B,A1,N
380,H,H,H,N,N,N,N,N,N,N,N,B,A1,H,H,H,N,N,N,N,N,H,H,N,B,A1,N
389,H,H,N,N,N,N,N,N,N,N,N,B,A2,VH,H,H,VH,N,N,N,N,N,N,N,B,A2,N
391,UH,UH,H,VH,H,H,N,N,N,N,N,B,A2,UH,UH,H,VH,N,H,N,N,N,N,N,B,A2,N
394,H,N,N,N,N,H,N,N,N,N,N,B,A2,N,N,N,N,N,H,N,N,N,N,N,B,A2,N
399,H,N,N,N,N,N,N,N,VL,N,N,B,A1,H,N,N,N,N,H,N,N,VL,H,N,B,A1,N
400,H,H,N,N,N,H,N,N,VL,N,N,B,A1,H,H,N,N,N,H,N,N,VL,N,N,B,A1,N
401,N,N,N,N,N,H,N,N,VL,N,N,B,A2,H,H,N,N,N,N,N,N,VL,N,N,B,A2,N
402,H,N,N,N,N,N,N,N,VL,N,N,B,A1,VH,H,N,N,N,N,N,N,VL,N,N,B,A1,N
404,VH,VH,VH,H,H,UH,H,L,L,N,N,C,A2,VH,VH,VH,H,H,UH,H,L,L,N,N,C,A2,N
405,H,H,N,N,N,N,N,N,N,H,N,B,A1,VH,H,N,N,N,N,N,N,N,N,N,B,A1,N
407,UH,VH,H,UH,N,H,N,L,L,N,N,B,A2,N,N,H,VH,N,N,N,N,N,N,N,B,A2,N
409,H,N,N,N,N,N,N,N,VL,N,N,B,A1,N,N,N,N,N,N,N,N,VL,N,N,B,A1,N
411,N,N,N,N,N,N,N,N,N,N,N,B,A1,H,H,N,N,N,N,N,N,N,N,N,B,A1,N
412,VH,H,N,H,N,N,N,N,N,N,N,C,A1,H,N,N,N,N,N,N,N,N,N,N,C,A1,N
413,N,N,H,N,N,N,N,N,N,N,N,C,A1,N,N,H,N,N,N,N,N,N,N,N,C,A1,N
415,N,N,N,N,N,N,N,N,VL,H,N,B,A2,N,N,N,N,N,N,N,N,VL,H,N,B,A2,N
417,VH,H,N,N,N,H,N,N,VL,N,N,B,A2,H,H,N,N,N,H,N,N,VL,N,N,B,A2,N
421,H,N,N,N,N,H,N,N,VL,VH,N,B,A2,N,N,N,N,N,H,N,N,VL,VH,N,B,A2,N
423,N,N,N,N,N,H,N,N,VL,N,N,B,A1,N,N,N,N,N,H,N,N,VL,N,N,B,A1,N
424,H,H,N,N,H,VH,H,N,N,N,N,B,A1,H,N,N,N,N,H,N,N,N,N,N,B,A1,N
425,N,N,H,N,N,N,N,N,N,N,N,C,A1,N,N,H,N,N,N,N,N,N,N,N,C,A1,N
428,N,N,H,H,N,H,N,N,N,N,N,B,A2,N,N,N,N,N,N,N,N,N,N,N,B,A2,N
431,N,N,N,N,N,N,N,N,N,N,N,C,A1,N,N,N,N,N,N,N,N,N,N,N,C,A1,N
432,H,H,H,H,N,N,N,N,N,N,H,C,A2,H,H,H,H,N,N,N,N,N,N,H,C,A2,H
436,H,N,N,N,N,N,N,N,N,N,N,B,A2,H,N,H,N,N,N,N,N,N,N,N,B,A2,N
437,UH,VH,H,H,N,H,N,N,N,L,N,B,A3,UH,UH,H,UH,VH,UH,H,L,L,L,N,B,A3,N
439,UH,VH,H,VH,N,N,N,N,N,H,N,C,A2,UH,VH,H,UH,N,N,N,N,N,H,N,C,A2,N
441,VH,H,H,N,N,N,N,N,N,N,N,C,A1,VH,H,H,N,N,H,N,N,N,N,N,C,A1,N
442,H,H,H,H,N,H,N,N,VL,N,N,B,A3,N,N,N,N,N,N,N,N,VL,N,N,B,A3,N
444,N,H,N,H,N,N,N,N,VL,N,H,B,A3,N,N,N,N,N,N,N,N,VL,N,N,B,A3,N
446,VH,H,N,N,N,N,N,N,N,H,N,B,A2,UH,VH,N,N,N,N,N,N,N,N,N,B,A2,N
450,H,N,H,N,N,N,N,N,N,N,N,B,A2,N,N,H,N,N,N,N,N,N,N,N,B,A2,N
451,H,H,H,N,N,N,N,N,N,VH,N,B,A1,H,N,N,N,N,N,N,N,N,H,N,B,A1,N
452,VH,H,H,N,N,N,N,N,N,N,N,C,A1,H,N,H,H,N,N,N,N,N,N,N,C,A1,N
459,UH,UH,H,H,N,N,N,L,N,N,N,C,A1,UH,VH,H,H,N,N,N,N,N,N,N,C,A1,N
460,UH,VH,N,N,N,N,N,N,N,N,N,C,A2,UH,VH,H,H,N,N,N,N,N,N,N,C,A2,N
464,H,N,H,N,H,H,H,N,N,N,N,C,A1,H,N,H,N,H,N,H,N,N,N,N,C,A1,N
465,H,H,N,N,N,H,N,N,N,N,N,B,A2,H,N,N,N,N,H,N,N,N,N,N,B,A2,N
466,VH,H,N,N,N,N,N,N,N,H,N,B,A1,VH,H,N,N,N,N,N,N,N,VH,N,B,A1,N
467,H,H,N,N,N,H,N,N,N,N,L,B,A1,N,N,N,N,H,H,N,N,N,N,L,B,A1,L
468,N,N,N,N,N,N,N,N,VL,N,N,B,A1,N,N,N,N,N,N,N,N,VL,N,N,B,A1,N
469,UH,UH,N,N,N,N,N,N,N,N,N,B,A1,H,H,N,N,N,N,N,N,N,N,N,B,A1,N
475,N,N,N,N,N,H,N,N,VL,N,H,B,A2,N,N,N,N,N,H,N,N,VL,N,H,B,A2,H
477,UH,VH,N,N,N,H,N,N,N,N,N,B,A1,UH,VH,H,N,H,VH,H,N,N,N,N,B,A1,N
481,H,N,H,N,N,N,N,L,N,N,N,B,A2,N,N,H,N,N,N,N,L,N,N,N,B,A2,N
483,N,N,H,N,N,N,N,N,N,N,N,C,A1,H,H,H,N,N,N,N,N,N,N,N,C,A1,N
490,H,H,N,N,N,H,N,N,N,N,N,B,A2,H,H,N,N,H,H,H,N,N,N,N,B,A2,N
493,H,H,H,N,H,H,H,N,N,N,N,C,A1,H,N,H,N,H,H,H,N,N,N,L,C,A1,L
494,N,N,N,N,N,N,N,N,N,N,N,C,A2,N,N,N,N,N,N,N,N,N,N,N,C,A2,N
495,H,H,N,N,N,N,N,N,VL,N,N,B,A2,H,H,N,N,N,N,N,N,VL,N,L,B,A2,L
498,VH,VH,H,H,N,N,N,N,N,L,H,C,A1,VH,VH,H,H,N,N,N,N,N,L,N,C,A1,N
502,VH,H,N,N,N,N,N,N,VL,N,N,C,A1,N,N,N,N,N,N,N,N,VL,N,N,C,A1,N
509,VH,H,VH,H,N,N,N,N,N,N,N,C,A2,VH,H,VH,H,N,H,N,N,N,N,N,C,A2,N
510,N,N,H,H,N,N,N,N,N,N,N,B,A1,N,N,H,H,N,N,N,N,N,N,N,B,A1,N
513,N,N,H,H,N,N,N,N,N,N,N,C,A1,N,N,H,H,N,N,N,N,N,N,N,C,A1,N
518,N,N,N,H,N,N,N,H,H,H,H,B,A1,N,N,N,H,N,N,N,N,H,H,N,B,A1,N
520,UH,H,N,N,N,N,N,N,N,N,N,C,A1,VH,H,N,N,N,N,N,N,N,N,N,C,A1,N
525,N,N,N,N,N,N,N,N,VL,N,N,B,A1,N,N,N,N,N,H,N,N,VL,N,N,B,A1,N
527,H,N,N,N,H,VH,N,N,L,N,L,B,A1,H,N,N,N,H,H,N,N,L,N,N,B,A1,N
534,N,N,H,N,N,N,N,N,N,N,N,C,A1,N,N,N,N,H,H,H,N,N,N,N,C,A1,N
535,N,N,VH,VH,N,N,N,N,N,H,N,C,A2,N,N,VH,UH,N,N,N,N,N,N,N,C,A2,N
536,H,H,H,H,N,N,N,N,N,N,N,C,A1,H,N,H,H,N,N,N,N,N,N,N,C,A1,N
537,H,H,H,N,N,H,N,N,VL,N,N,C,A2,UH,UH,N,N,N,H,N,N,VL,N,N,C,A2,N
540,H,H,N,N,N,H,N,N,VL,N,L,B,A2,N,N,N,N,N,H,N,N,VL,N,N,B,A2,N
542,H,H,H,H,N,H,N,N,VL,H,N,B,A3,H,H,H,H,N,N,N,N,VL,N,N,B,A3,N
543,H,VH,N,N,H,VH,H,L,VL,N,L,B,A2,VH,H,N,N,H,VH,H,L,VL,N,N,B,A2,N
544,VH,H,N,N,N,H,N,H,VL,VH,H,B,A2,VH,H,N,N,N,N,N,N,VL,H,N,B,A2,N
545,H,N,N,H,N,N,N,N,N,N,N,B,A2,H,N,N,N,N,N,N,N,N,N,N,B,A2,N
546,N,N,H,N,N,N,N,N,N,N,N,C,A1,N,N,H,N,N,N,N,N,N,N,N,C,A1,N
547,H,N,VH,H,H,H,N,N,N,N,N,C,A2,N,H,VH,N,H,H,H,N,N,N,N,C,A2,N
557,VH,H,H,N,N,N,N,N,L,N,N,C,A1,UH,VH,N,N,N,N,N,N,L,N,N,C,A1,N
559,N,N,H,N,N,N,N,N,N,N,N,C,A2,H,N,N,N,N,N,N,N,N,N,N,C,A2,N
561,H,H,H,N,N,N,N,N,N,N,N,C,A1,H,H,H,N,N,N,N,N,N,N,N,C,A1,N
563,VH,H,H,N,N,N,N,N,N,N,N,C,A1,H,H,H,N,N,N,N,N,N,N,N,C,A1,N
565,N,N,N,N,H,H,N,N,VL,N,N,B,A1,N,N,N,N,N,H,N,N,VL,N,N,B,A1,N
567,VH,H,N,H,N,N,N,N,N,N,N,B,A1,UH,UH,H,VH,N,H,N,N,N,N,N,B,A1,N
570,H,VH,N,N,N,N,N,N,N,N,N,C,A1,VH,H,H,H,N,N,N,N,N,N,N,C,A1,N
574,VH,VH,N,N,N,N,N,N,VL,N,N,B,A2,VH,VH,N,H,N,N,N,N,VL,N,N,B,A2,N
577,N,N,H,N,H,H,H,N,N,L,N,C,A2,N,N,H,N,H,H,H,N,N,L,N,C,A2,N
578,N,H,H,H,H,H,H,N,N,N,N,C,A2,H,H,H,H,N,N,N,N,N,N,N,C,A2,N
579,H,H,VH,H,N,N,N,N,N,N,N,C,A2,VH,H,VH,H,N,H,N,N,N,N,N,C,A2,N
582,VH,H,H,H,N,N,N,N,N,N,N,C,A1,VH,H,H,N,N,N,N,N,N,N,H,C,A1,H
583,VH,H,N,N,H,VH,H,N,N,N,N,C,A1,VH,H,H,N,H,H,H,N,N,N,N,C,A1,N
585,UH,VH,H,H,N,N,N,N,N,N,N,C,A1,VH,VH,H,N,N,N,N,N,N,N,N,C,A1,N
586,N,N,H,H,N,N,N,L,N,N,N,C,A2,N,N,H,H,N,N,N,N,N,N,N,C,A2,N
592,N,N,N,N,H,N,H,N,N,N,N,C,A1,N,N,N,N,H,N,H,N,N,N,N,C,A1,N
593,N,N,H,N,N,N,N,N,N,N,N,C,A2,N,N,H,N,N,N,N,N,N,N,N,C,A2,N
594,H,N,H,N,N,N,N,N,N,N,N,C,A2,N,N,H,H,N,N,N,N,N,N,N,C,A2,N
596,UH,UH,H,VH,N,H,N,L,L,N,L,B,A2,UH,UH,H,VH,N,N,N,L,L,N,N,B,A2,N
597,VH,VH,H,VH,N,N,N,N,N,N,N,B,A1,UH,VH,H,VH,N,N,N,N,N,N,N,B,A1,N
599,VH,H,H,H,N,N,N,N,N,N,N,C,A2,VH,VH,H,H,N,N,N,N,N,N,N,C,A2,N
601,VH,H,N,N,N,H,N,N,N,N,N,C,A3,VH,H,N,N,N,N,N,N,N,N,N,C,A3,N
602,VH,H,VH,N,N,N,N,L,L,L,N,C,A1,H,H,VH,H,N,N,N,L,N,N,N,C,A1,N
604,UH,VH,N,N,N,H,N,N,L,N,N,C,A1,UH,VH,N,N,N,H,N,N,L,N,N,C,A1,N
605,H,H,N,N,N,H,N,N,VL,N,N,B,A3,VH,H,N,N,N,N,N,N,VL,N,N,B,A3,N
606,H,H,N,N,N,H,N,N,VL,VH,N,B,A3,H,H,N,N,N,H,N,N,VL,N,N,B,A3,N
609,H,H,H,H,N,N,N,N,N,N,N,C,A3,H,H,H,H,N,N,N,N,N,L,N,C,A3,N
610,N,N,H,N,H,H,H,N,N,N,H,C,A2,N,N,N,N,N,N,N,N,N,N,N,C,A2,N
615,N,N,H,N,N,N,N,N,N,L,N,C,A2,N,N,N,N,N,N,N,N,N,L,N,C,A2,N
616,H,N,H,H,H,H,N,H,VL,N,N,B,A1,H,N,N,N,N,H,N,N,VL,N,N,B,A1,N
623,VH,H,VH,H,N,N,N,N,N,N,H,C,A2,VH,H,VH,H,N,N,N,N,N,N,H,C,A2,H
624,H,H,VH,VH,N,N,N,N,N,N,N,C,A2,VH,H,VH,VH,N,N,N,N,N,N,N,C,A2,N
632,VH,VH,H,H,N,H,N,N,N,N,N,C,A3,VH,H,N,N,N,H,N,N,N,N,L,C,A3,L
633,H,H,VH,H,N,N,N,N,N,N,N,C,A2,H,H,H,H,N,N,N,N,N,N,N,C,A2,N
634,N,N,N,N,N,N,N,N,N,N,N,C,A2,N,N,H,N,N,N,N,N,N,H,N,C,A2,N
636,UH,VH,H,H,N,N,N,N,N,N,N,C,A2,UH,VH,H,H,N,N,N,N,N,N,N,C,A2,N
637,H,H,H,N,N,N,N,N,N,N,N,C,A1,H,H,H,N,N,N,N,N,N,N,N,C,A1,N
641,VH,H,H,H,N,H,N,L,VL,VH,N,B,A3,H,H,H,H,N,H,N,L,VL,VH,N,B,A3,N
642,H,N,H,H,N,N,N,N,N,N,N,C,A1,H,N,H,H,N,N,N,N,N,N,N,C,A1,N
644,H,N,H,H,H,N,H,N,N,H,N,C,A1,H,N,H,H,N,N,N,L,N,H,L,C,A1,L
645,UH,VH,H,N,N,N,N,N,N,N,N,C,A2,UH,UH,H,N,N,N,N,N,N,N,N,C,A2,N
646,VH,H,H,N,N,N,N,N,N,N,N,C,A1,VH,H,H,N,N,N,N,N,N,N,N,C,A1,N
650,H,N,H,N,H,N,H,N,N,H,N,C,A2,N,N,N,N,N,N,N,N,N,N,N,C,A2,N
652,N,N,H,N,N,N,N,N,N,N,N,C,A2,N,N,H,N,N,N,N,N,N,N,N,C,A2,N
653,H,N,H,H,N,N,N,N,N,N,N,C,A2,H,N,H,H,N,N,N,N,N,N,N,C,A2,N
654,H,H,VH,VH,N,N,N,N,N,N,H,C,A2,N,H,UH,VH,N,N,N,N,N,N,H,C,A2,H
655,N,N,N,H,N,N,N,N,N,N,N,C,A2,N,H,H,H,N,N,N,N,N,N,N,C,A2,N
656,N,N,N,H,N,N,N,N,N,N,N,B,A2,H,H,N,N,N,N,N,L,VL,N,L,B,A2,L
657,H,H,N,N,N,N,N,N,VL,H,N,B,A1,H,H,N,N,N,H,N,N,VL,N,N,B,A1,N
663,VH,H,H,H,N,N,N,N,N,N,N,C,A2,H,H,H,H,N,N,N,N,N,N,H,C,A2,H
664,N,N,H,H,H,H,H,L,L,L,N,C,A2,N,H,H,VH,N,N,N,L,L,L,N,C,A2,N
667,N,N,H,N,N,N,N,N,N,N,N,C,A2,N,N,H,N,N,N,N,N,N,N,N,C,A2,N
669,N,N,VH,H,N,N,N,N,N,L,N,C,A1,N,N,H,N,N,N,N,N,N,N,N,C,A1,N
671,H,H,H,N,N,N,N,N,N,N,H,C,A2,N,N,H,N,N,N,N,N,N,N,N,C,A2,N
672,N,N,H,N,N,N,N,N,N,N,N,C,A2,N,N,H,H,N,N,N,N,N,N,N,C,A2,N
677,N,N,N,N,H,N,H,N,N,N,N,C,A2,N,N,N,N,H,H,H,N,N,N,N,C,A2,N
679,VH,VH,H,N,N,N,N,N,L,N,N,C,A2,VH,H,H,H,N,N,N,N,L,N,N,C,A2,N
683,H,H,H,H,N,H,N,N,VL,H,H,C,A3,VH,VH,H,H,N,H,N,N,VL,N,N,C,A3,N
689,VH,VH,H,N,H,H,H,N,N,N,N,C,A1,VH,VH,H,N,N,H,N,N,N,N,N,C,A1,N
690,H,H,N,N,N,N,N,N,N,N,N,C,A2,H,H,N,N,N,N,N,N,N,N,N,C,A2,N
695,H,H,H,N,N,N,N,N,N,N,N,C,A1,H,N,H,N,N,N,N,N,N,N,N,C,A1,N
698,N,H,H,N,N,N,N,N,N,N,N,C,A1,N,H,H,N,N,N,N,N,N,N,N,C,A1,N
699,VH,H,H,H,N,N,N,N,N,N,N,C,A2,VH,H,H,H,N,N,N,N,N,N,N,C,A2,N
700,H,H,H,N,N,N,N,N,N,N,N,C,A2,H,H,H,H,N,N,N,N,N,N,N,C,A2,N
701,H,H,VH,N,N,N,N,N,L,N,N,C,A1,H,H,VH,H,N,N,N,L,L,N,N,C,A1,N
702,N,N,H,N,N,N,N,N,N,N,N,C,A2,N,N,H,N,N,N,N,N,N,N,N,C,A2,N
703,VH,H,H,H,N,N,N,N,N,N,N,C,A2,H,N,H,VH,N,H,N,N,N,N,H,C,A2,H
704,N,N,N,N,N,N,N,N,N,N,N,C,A1,N,N,N,N,N,N,N,N,N,N,N,C,A1,N
705,H,H,H,H,N,N,N,N,L,L,H,C,A2,UH,UH,VH,VH,H,H,H,N,L,L,N,C,A2,N
706,N,H,H,H,N,N,N,N,N,N,N,C,A1,N,H,H,H,N,N,N,N,N,N,N,C,A1,N
709,N,N,N,N,N,N,N,N,N,N,N,B,A1,UH,UH,H,H,N,N,N,L,N,N,N,B,A1,N
711,VH,H,H,VH,N,N,N,N,N,N,N,C,A1,H,N,H,H,H,H,H,N,N,N,N,C,A1,N
712,N,N,H,N,N,N,N,N,N,N,N,C,A2,N,N,H,N,N,N,H,N,N,N,N,C,A2,N
713,N,N,H,N,N,N,N,N,N,N,N,C,A2,N,N,H,H,N,N,N,N,N,N,N,C,A2,N
715,UH,VH,H,N,H,H,H,N,N,N,H,C,A2,VH,H,H,H,H,H,H,N,N,N,H,C,A2,H
717,N,N,H,H,N,N,N,N,N,N,N,C,A2,N,N,H,N,N,N,N,N,N,N,N,C,A2,N
719,N,N,VH,VH,N,N,N,N,L,L,N,C,A1,VH,VH,VH,VH,N,N,N,N,L,L,N,C,A1,N
723,H,H,H,N,N,H,N,N,VL,N,N,B,A2,H,H,H,N,N,H,N,N,VL,N,N,B,A2,N
729,N,N,VH,UH,N,N,N,L,L,N,N,C,A3,VH,H,VH,UH,N,N,N,L,N,N,N,C,A3,N
730,H,N,N,N,N,N,N,N,N,N,N,C,A3,N,N,N,N,N,N,N,N,N,N,N,C,A3,N
731,H,H,VH,VH,N,N,N,N,N,L,N,C,A2,N,N,H,H,N,N,N,L,N,N,N,C,A2,N
732,H,N,H,N,N,N,N,N,N,N,N,C,A2,H,N,H,N,N,N,N,N,N,N,N,C,A2,N
737,N,N,N,N,H,N,H,N,N,N,N,C,A2,N,N,N,N,H,H,H,N,N,N,N,C,A2,N
740,H,N,H,H,N,H,N,N,N,N,N,C,A1,H,H,VH,H,N,N,N,N,N,N,N,C,A1,N
742,VH,VH,H,N,N,N,N,N,N,N,N,C,A3,VH,H,H,N,N,N,N,N,N,N,N,C,A3,N
743,H,N,H,H,N,N,N,N,N,N,N,C,A2,N,N,H,H,N,N,N,N,N,N,N,C,A2,N
745,H,H,H,H,N,N,N,L,N,N,N,C,A2,VH,H,H,H,N,N,N,N,N,N,N,C,A2,N
746,H,H,H,H,N,N,N,L,L,L,N,C,A3,N,N,H,H,N,N,N,L,L,L,N,C,A3,N
748,H,H,H,N,N,N,N,L,N,N,N,C,A2,VH,H,H,N,N,N,N,N,N,N,N,C,A2,N
750,N,H,H,H,N,N,N,N,N,N,H,C,A2,H,H,H,H,N,N,N,N,N,N,H,C,A2,H
751,H,H,H,N,N,N,N,L,N,L,N,C,A3,H,H,H,H,N,H,N,N,N,L,N,C,A3,N
752,H,H,H,H,N,H,N,N,N,H,N,B,A2,N,H,H,N,H,H,H,N,N,VH,N,B,A2,N
758,N,N,H,N,N,N,N,N,N,N,N,C,A1,N,N,H,N,N,N,N,N,N,N,N,C,A1,N
760,N,N,H,N,N,N,H,N,N,N,N,C,A1,N,N,H,N,H,N,H,N,N,N,N,C,A1,N
766,N,N,UH,VH,N,N,N,L,N,N,N,C,A2,N,N,UH,VH,N,N,N,N,N,N,H,C,A2,H
767,H,H,VH,N,N,N,N,L,N,L,N,C,A2,H,H,VH,N,H,H,H,L,N,L,N,C,A2,N
769,VH,H,H,N,N,N,N,N,N,N,N,C,A2,H,H,H,N,N,N,N,N,N,N,N,C,A2,N
772,UH,VH,H,H,N,N,N,N,VL,N,H,C,A2,UH,VH,H,H,N,H,N,N,VL,N,H,C,A2,H
774,N,N,H,N,N,N,N,N,N,N,N,C,A2,N,N,H,N,N,N,N,N,N,N,N,C,A2,N
775,H,H,H,VH,N,N,N,N,N,N,N,C,A2,VH,VH,H,H,N,N,N,N,N,N,N,C,A2,N
778,UH,UH,N,H,N,N,N,L,L,N,N,C,A1,VH,VH,N,H,N,N,N,L,L,N,N,C,A1,N
784,H,H,H,H,H,VH,N,VL,VL,N,N,B,A3,H,H,H,H,H,VH,H,VL,VL,N,N,B,A3,N
785,H,H,H,N,N,H,N,N,VL,N,H,B,A3,VH,VH,N,N,N,N,H,N,VL,N,H,B,A3,H
817,H,H,N,N,N,H,N,N,VL,N,N,B,A2,H,N,N,N,N,N,N,N,VL,N,N,B,A2,N
820,VH,H,H,N,N,H,N,N,VL,N,N,B,A2,H,H,H,N,N,H,N,H,VL,N,N,B,A2,N
829,UH,VH,N,N,N,H,N,N,VL,N,N,B,A2,VH,H,N,N,N,N,N,N,VL,N,N,B,A2,N
831,UH,VH,H,H,N,H,N,N,VL,N,N,B,A2,H,N,N,H,N,H,N,N,VL,H,N,B,A2,N
834,H,H,N,N,N,N,N,L,VL,L,L,B,A3,VH,VH,N,H,N,N,N,L,VL,N,N,B,A3,N
837,H,N,N,N,N,H,N,N,VL,N,N,B,A3,H,N,N,N,N,H,N,N,VL,N,N,B,A3,N
839,H,N,N,N,N,H,N,N,VL,N,N,B,A2,VH,VH,H,VH,H,VH,H,N,VL,N,N,B,A2,N
840,UH,VH,N,N,N,H,N,H,VL,N,N,B,A1,H,N,N,N,N,N,N,N,VL,H,N,B,A1,N
841,UH,UH,N,N,H,VH,H,N,VL,N,N,B,A3,UH,UH,N,H,H,UH,H,N,VL,N,N,B,A3,N
842,N,N,N,N,N,N,N,N,VL,N,N,B,A2,N,N,N,N,N,N,N,N,VL,N,N,B,A2,N
843,N,N,N,N,N,N,N,N,VL,N,N,B,A2,H,N,N,N,N,H,N,N,VL,N,N,B,A2,N
844,H,H,N,N,H,H,N,N,VL,N,N,B,A3,H,H,N,H,N,H,N,N,VL,N,N,B,A3,N
845,UH,VH,N,N,N,N,N,N,VL,N,N,B,A1,VH,H,N,N,N,N,N,N,VL,N,N,B,A1,N
846,H,H,N,N,N,H,N,N,VL,VH,N,B,A2,UH,UH,N,N,N,H,N,N,VL,VH,N,B,A2,N
850,H,H,N,N,N,N,N,N,VL,N,N,B,A2,H,H,H,N,N,N,N,N,VL,N,N,B,A2,N
851,VH,H,N,N,N,H,N,N,VL,N,N,B,A1,H,H,N,N,N,N,N,N,VL,N,N,B,A1,N
854,VH,H,N,N,N,H,N,N,VL,N,H,B,A2,VH,H,N,N,N,N,N,N,VL,N,N,B,A2,N
864,H,N,N,N,N,H,N,N,VL,N,N,B,A2,H,H,N,N,N,H,N,N,VL,N,N,B,A2,N
865,H,N,N,N,N,N,N,N,VL,N,N,B,A1,H,N,N,N,N,N,N,N,VL,N,N,B,A1,N
866,N,N,N,N,H,H,H,N,VL,N,N,B,A2,H,N,N,N,H,H,H,N,VL,N,N,B,A2,N
870,H,H,N,N,N,H,N,N,VL,N,N,B,A1,H,N,N,N,N,H,N,N,VL,L,N,B,A1,N
875,N,N,N,N,N,N,N,N,VL,H,N,B,A2,N,N,N,N,N,H,N,N,VL,N,VH,B,A2,VH
876,VH,VH,N,H,N,H,N,N,VL,N,N,B,A3,UH,UH,H,VH,H,H,N,N,VL,N,N,B,A3,N
882,UH,H,N,N,N,H,N,N,VL,N,N,B,A1,UH,UH,N,N,N,H,N,N,VL,N,N,B,A1,N
883,H,N,N,N,N,N,N,N,VL,N,N,B,A2,H,H,N,N,N,N,N,N,VL,N,N,B,A2,N
884,H,H,N,N,N,N,N,N,N,N,N,B,A1,H,N,N,N,N,N,N,N,N,N,N,B,A1,N
885,N,N,N,N,N,N,N,N,N,N,N,B,A2,N,N,N,N,N,H,N,N,N,N,N,B,A2,N
888,VH,VH,H,VH,H,VH,H,N,N,N,N,B,A2,H,H,H,H,N,H,N,N,N,H,N,B,A2,N
889,H,H,N,N,N,N,N,N,N,N,N,B,A1,H,N,N,N,N,N,N,N,N,N,N,B,A1,N
890,UH,H,N,N,N,N,N,N,N,VH,L,B,A2,VH,H,H,UH,N,N,N,N,N,H,N,B,A2,N
891,VH,H,H,H,N,H,N,N,VL,N,H,B,A2,VH,H,H,H,N,N,N,N,VL,N,H,B,A2,H
892,VH,H,H,N,N,N,N,N,N,N,N,B,A2,VH,VH,H,UH,H,H,H,N,N,N,N,B,A2,N
894,N,N,H,H,N,N,N,N,N,N,N,C,A3,N,N,H,N,N,N,N,N,N,N,N,C,A3,N
897,N,N,N,N,N,N,N,N,N,N,N,C,A1,N,N,N,N,N,N,N,N,N,N,N,C,A1,N
898,N,N,H,N,N,N,N,N,N,N,H,C,A1,N,N,H,N,N,N,N,N,N,N,N,C,A1,N
899,H,N,H,N,N,N,N,N,N,N,N,C,A1,H,N,H,N,N,N,N,N,N,N,H,C,A1,H
900,H,H,H,VH,N,N,N,N,N,N,N,C,A2,H,N,VH,VH,N,N,N,N,N,N,N,C,A2,N
907,H,H,N,N,N,N,N,N,N,N,N,C,A1,VH,H,N,N,N,N,N,N,N,N,N,C,A1,N
908,UH,H,H,N,N,N,N,N,N,N,N,C,A1,UH,UH,H,N,N,N,N,N,N,N,N,C,A1,N
909,VH,H,H,N,N,N,N,N,N,H,N,C,A2,VH,H,H,N,N,N,N,N,N,N,N,C,A2,N
911,H,VH,H,H,N,N,N,L,L,N,N,C,A2,H,VH,H,H,N,N,N,L,L,N,N,C,A2,N
913,UH,UH,VH,N,N,N,N,L,L,L,N,C,A2,UH,UH,VH,N,N,H,N,L,L,L,N,C,A2,N
915,UH,UH,H,VH,H,VH,H,L,VL,N,N,B,A2,UH,UH,H,VH,H,UH,H,L,VL,N,N,B,A2,N
922,H,N,N,H,N,N,N,N,N,N,N,B,A1,H,H,N,H,N,N,N,N,N,N,N,B,A1,N
923,N,N,H,N,N,H,N,N,N,N,N,C,A1,N,N,N,N,N,N,N,N,N,N,N,C,A1,N
937,N,N,N,N,N,N,N,N,N,N,N,C,A1,N,N,N,N,H,H,H,N,N,N,N,C,A1,N
938,H,N,N,N,VH,H,VH,N,N,N,N,C,A1,H,N,H,N,H,H,H,N,N,N,N,C,A1,N
939,UH,VH,VH,VH,N,H,N,L,L,N,L,C,A2,UH,VH,VH,VH,H,H,N,L,L,N,N,C,A2,N
940,UH,VH,H,H,N,N,N,N,N,N,N,C,A3,VH,VH,UH,UH,N,N,N,N,L,N,H,C,A3,H
942,VH,VH,H,H,N,H,N,N,VL,N,H,C,A1,H,H,VH,H,N,N,N,N,VL,N,H,C,A1,H
943,UH,VH,VH,VH,N,H,N,L,N,N,H,C,A2,VH,H,VH,VH,N,H,N,L,N,N,N,C,A2,N
944,N,N,N,N,N,H,N,N,VL,N,N,C,A1,H,H,N,N,N,H,N,N,VL,N,N,C,A1,N
945,N,N,N,H,N,H,N,N,N,N,N,C,A2,N,N,H,N,H,H,H,N,N,N,N,C,A2,N
948,H,H,H,H,N,N,N,N,N,N,N,C,A2,H,H,H,H,H,H,H,N,N,N,N,C,A2,N
949,UH,VH,H,H,N,N,N,N,N,N,N,C,A2,UH,VH,H,H,N,H,N,N,N,N,H,C,A2,H
952,N,N,N,N,N,N,N,N,VL,N,N,C,A2,N,N,N,N,N,N,N,N,VL,L,H,C,A2,H
953,N,N,H,H,N,N,N,N,N,N,N,C,A1,N,N,H,H,N,N,N,N,N,N,N,C,A1,N
955,H,N,H,N,N,N,N,N,N,N,N,C,A2,H,N,H,N,N,N,N,N,N,N,N,C,A2,N
957,N,N,N,N,N,N,N,N,N,N,N,C,A2,N,N,N,N,N,N,N,N,N,N,N,C,A2,N
958,VH,H,H,H,N,H,N,H,N,L,H,C,A1,VH,VH,H,H,N,N,N,N,N,L,N,C,A1,N
959,VH,H,VH,VH,N,N,N,N,N,N,N,C,A1,VH,VH,H,VH,N,N,N,N,N,N,N,C,A1,N
